City Name,Temperature (F),Humidity %,Cloud Coverage %,Wind Speed (mph),City Latitude,City Longitude,City Country,City Local Date_Time,Random_Latitude,Random_Longitude
Rikitea,78.71,78,36,16.4,-23.1203,-134.9692,PF,"Thu, 11 Mar 2021 08:10:27",-45.98,-138.65
Puerto Ayora,84.2,74,40,9.22,-0.7393,-90.3518,EC,"Thu, 11 Mar 2021 11:10:28",-6.42,-102.73
Saskylakh,-11.78,87,100,18.37,71.9167,114.0833,RU,"Fri, 12 Mar 2021 02:10:28",72.34,114.57
Aksarka,-12.62,93,96,18.61,66.5606,67.7975,RU,"Thu, 11 Mar 2021 22:10:28",64.74,68.78
Barrow,-11.2,70,1,9.22,71.2906,-156.7887,US,"Thu, 11 Mar 2021 08:10:29",69.86,-161.43
Wuwei,50.0,30,7,2.21,37.9281,102.6414,CN,"Fri, 12 Mar 2021 01:10:29",37.73,103.61
Albany,60.01,47,70,1.99,42.6001,-73.9662,AU,"Thu, 11 Mar 2021 12:10:29",-89.31,111.88
Touros,87.8,55,20,18.41,-5.1989,-35.4608,BR,"Thu, 11 Mar 2021 14:10:30",-2.73,-30.08
Port Elizabeth,62.6,100,90,11.5,-33.918,25.5701,ZA,"Thu, 11 Mar 2021 19:10:30",-56.51,28.03
Mataura,43.0,92,67,1.99,-46.1927,168.8643,PF,"Fri, 12 Mar 2021 06:10:30",-79.98,-165.38
Bluff,43.0,92,56,1.99,-46.6,168.3333,NZ,"Fri, 12 Mar 2021 06:10:31",-81.67,174.82
Srandakan,77.0,88,100,3.85,-7.9386,110.2506,ID,"Fri, 12 Mar 2021 00:10:31",-17.36,106.97
Ponta do Sol,64.4,63,40,11.5,32.6667,-17.1,CV,"Thu, 11 Mar 2021 17:10:32",23.27,-28.7
Broome,62.01,36,75,16.11,42.2506,-75.833,AU,"Thu, 11 Mar 2021 12:10:32",-18.31,121.2
Makakilo City,71.6,94,90,4.61,21.3469,-158.0858,US,"Thu, 11 Mar 2021 07:10:33",4.95,-165.92
Hamilton,64.4,59,90,17.27,39.1834,-84.5333,US,"Thu, 11 Mar 2021 12:08:04",46.37,-114.47
Oranjemund,68.88,81,1,14.43,-28.55,16.4333,NA,"Thu, 11 Mar 2021 19:10:33",-29.09,14.24
East London,64.4,94,75,5.75,-33.0153,27.9116,ZA,"Thu, 11 Mar 2021 19:10:33",-50.39,38.03
Khatanga,-14.13,93,100,19.73,71.9667,102.5,RU,"Fri, 12 Mar 2021 00:10:34",74.1,96.63
Upernavik,5.54,82,91,3.65,72.7868,-56.1549,GL,"Thu, 11 Mar 2021 14:10:34",76.36,-55.59
Bida,101.93,22,100,3.42,9.0833,6.0167,NG,"Thu, 11 Mar 2021 18:10:34",9.4,6.22
Chokurdakh,-20.15,83,99,6.29,70.6333,147.9167,RU,"Fri, 12 Mar 2021 04:10:35",73.63,151.14
Kapaa,70.0,100,20,6.91,22.0752,-159.319,US,"Thu, 11 Mar 2021 07:10:35",38.89,-157.38
Kumul,52.07,24,21,4.74,42.8,93.45,CN,"Fri, 12 Mar 2021 01:10:36",42.47,91.52
Saint-Philippe,78.8,57,0,11.5,-21.3585,55.7679,RE,"Thu, 11 Mar 2021 21:10:36",-33.31,60.59
Yellowknife,-0.99,77,75,11.5,62.456,-114.3525,CA,"Thu, 11 Mar 2021 10:10:36",76.6,-109.27
Port Macquarie,68.0,94,75,5.75,-31.4333,152.9167,AU,"Fri, 12 Mar 2021 04:10:37",-36.36,161.4
Seydi,53.76,26,7,14.14,39.4816,62.9137,TM,"Thu, 11 Mar 2021 22:09:12",38.86,62.82
Wasilla,14.0,79,90,6.91,61.5814,-149.4394,US,"Thu, 11 Mar 2021 08:10:37",63.78,-151.51
Kodumudi,80.51,59,24,14.23,11.0775,77.8836,IN,"Thu, 11 Mar 2021 22:40:38",11.09,77.94
Machalí,71.6,56,75,5.75,-34.1833,-70.6667,CL,"Thu, 11 Mar 2021 14:10:38",-34.18,-69.52
Ushuaia,39.2,75,75,31.07,-54.8,-68.3,AR,"Thu, 11 Mar 2021 14:10:38",-85.97,-49.25
Leningradskiy,-12.93,63,23,5.28,69.3833,178.4167,RU,"Fri, 12 Mar 2021 05:10:39",86.82,179.35
Hithadhoo,82.51,67,36,5.61,-0.6,73.0833,MV,"Thu, 11 Mar 2021 22:10:39",-13.93,85.06
Thompson,-4.0,59,1,9.22,55.7435,-97.8558,CA,"Thu, 11 Mar 2021 11:10:40",77.93,-95.3
Ilulissat,19.4,53,40,4.61,69.2167,-51.1,GL,"Thu, 11 Mar 2021 14:10:40",79.96,-45.34
Sitka,35.6,80,90,10.36,57.0531,-135.33,US,"Thu, 11 Mar 2021 08:10:41",49.62,-143.22
Inta,4.12,94,100,21.41,66.0317,60.1659,RU,"Thu, 11 Mar 2021 20:10:41",67.64,59.03
Biloela,68.4,90,0,6.87,-24.4167,150.5,AU,"Fri, 12 Mar 2021 03:10:41",-24.52,150.77
Svetlaya,25.99,75,59,7.74,46.5389,138.3297,RU,"Fri, 12 Mar 2021 03:10:42",45.46,137.8
Samdrup Jongkhar District,63.09,56,58,5.14,26.9167,91.6167,BT,"Thu, 11 Mar 2021 23:10:42",26.91,91.59
Pevek,-16.38,74,55,14.88,69.7008,170.3133,RU,"Fri, 12 Mar 2021 05:10:42",86.44,173.96
Davila,77.41,77,67,11.16,18.4726,120.5763,PH,"Fri, 12 Mar 2021 01:10:43",18.5,120.25
Rafaela,91.99,32,96,1.99,-31.2503,-61.4867,AR,"Thu, 11 Mar 2021 14:10:43",-31.94,-61.53
Cape Town,71.6,56,20,6.91,-33.9258,18.4232,ZA,"Thu, 11 Mar 2021 19:08:53",-59.99,-12.7
Vaini,75.2,78,75,8.05,-21.2,-175.2,TO,"Fri, 12 Mar 2021 06:10:44",-62.73,-169.07
Provideniya,-7.17,74,0,5.03,64.3833,-173.3,RU,"Fri, 12 Mar 2021 05:10:44",58.43,-170.46
Bonthe,84.7,67,33,12.44,7.5264,-12.505,SL,"Thu, 11 Mar 2021 17:10:44",2.14,-16.45
Atuona,79.48,70,100,12.28,-9.8,-139.0333,PF,"Thu, 11 Mar 2021 07:40:45",5.12,-134.45
Talcahuano,68.0,52,0,12.66,-36.7167,-73.1167,CL,"Thu, 11 Mar 2021 14:10:45",-35.13,-75.39
Lata,63.0,54,99,3.0,40.1629,-8.3327,SB,"Thu, 11 Mar 2021 17:10:45",-6.38,165.62
Lüderitz,70.16,80,0,17.2,-26.6481,15.1594,NA,"Thu, 11 Mar 2021 19:10:46",-34.91,-1.15
Taganak,78.8,94,20,3.44,6.0833,118.3,PH,"Fri, 12 Mar 2021 01:10:46",6.49,117.99
Airai,60.42,95,63,0.81,-8.9266,125.4092,PW,"Fri, 12 Mar 2021 02:10:46",15.51,145.38
Bredasdorp,69.8,64,84,11.5,-34.5322,20.0403,ZA,"Thu, 11 Mar 2021 19:10:47",-82.26,24.47
Piranshahr,44.49,72,44,9.91,36.701,45.1413,IR,"Thu, 11 Mar 2021 20:37:16",36.66,45.01
Miquelon,35.6,80,75,27.63,47.0975,-56.3814,PM,"Thu, 11 Mar 2021 14:10:47",47.92,-56.77
Panguna,69.33,96,95,1.43,-6.3164,155.4848,PG,"Fri, 12 Mar 2021 04:10:47",-6.95,154.3
Carnarvon,77.0,83,1,11.5,-24.8667,113.6333,AU,"Fri, 12 Mar 2021 01:10:48",-21.49,102.88
Busselton,64.0,97,100,3.0,-33.65,115.3333,AU,"Fri, 12 Mar 2021 01:10:48",-84.15,80.38
Poum,78.46,73,61,13.65,-20.2333,164.0167,NC,"Fri, 12 Mar 2021 04:10:49",-16.87,163.34
Thap Than,84.0,72,0,1.74,15.4606,99.8917,TH,"Fri, 12 Mar 2021 00:10:49",15.26,99.37
Rocha,80.83,37,82,4.61,-34.4833,-54.3333,UY,"Thu, 11 Mar 2021 14:10:26",-48.82,-40.98
Kousséri,107.6,6,0,11.5,12.0769,15.0306,CM,"Thu, 11 Mar 2021 18:10:49",11.69,15.21
Nelson Bay,71.6,78,90,6.91,-32.7167,152.15,AU,"Fri, 12 Mar 2021 04:10:50",-33.8,153.49
Mar del Plata,75.2,73,40,12.66,-38.0023,-57.5575,AR,"Thu, 11 Mar 2021 14:09:46",-57.56,-45.16
Saint Anthony,41.0,56,1,17.27,45.0205,-93.218,CA,"Thu, 11 Mar 2021 11:10:51",51.86,-52.79
Castelbuono,54.0,60,0,5.01,37.932,14.0886,IT,"Thu, 11 Mar 2021 18:10:51",37.81,14.03
Palafrugell,62.6,59,0,9.22,41.9174,3.1631,ES,"Thu, 11 Mar 2021 18:10:51",41.83,4.38
Maxixe,82.4,69,0,11.5,-23.8597,35.3472,MZ,"Thu, 11 Mar 2021 19:08:17",-24.19,34.78
Nanortalik,22.32,71,59,12.68,60.1432,-45.2371,GL,"Thu, 11 Mar 2021 14:10:52",50.65,-40.39
Nikolskoye,21.99,53,0,11.18,59.7035,30.7861,RU,"Thu, 11 Mar 2021 20:10:52",34.26,178.89
Butaritari,79.95,78,75,14.7,3.0707,172.7902,KI,"Fri, 12 Mar 2021 05:10:53",22.67,170.17
Comodoro Rivadavia,75.2,27,0,28.77,-45.8667,-67.5,AR,"Thu, 11 Mar 2021 14:07:31",-46.42,-68.79
Ahipara,59.13,88,3,4.9,-35.1667,173.1667,NZ,"Fri, 12 Mar 2021 06:10:53",-35.43,172.72
Jamestown,62.6,51,40,18.54,42.097,-79.2353,SH,"Thu, 11 Mar 2021 12:07:38",-20.22,-4.36
Katsuura,53.01,81,75,8.05,35.1333,140.3,JP,"Fri, 12 Mar 2021 02:10:53",18.86,151.53
Hong Kong,69.01,87,30,8.43,22.2855,114.1577,SC,"Fri, 12 Mar 2021 01:09:47",-6.35,61.24
Abhā,68.0,82,0,10.36,18.2164,42.5053,SA,"Thu, 11 Mar 2021 20:10:54",21.03,43.0
Hermanus,69.01,67,85,7.0,-34.4187,19.2345,ZA,"Thu, 11 Mar 2021 19:10:54",-52.68,10.85
Nhulunbuy,77.0,94,92,9.84,-12.2333,136.7667,AU,"Fri, 12 Mar 2021 02:40:55",-12.94,140.33
Hilo,68.0,88,90,3.44,19.7297,-155.09,US,"Thu, 11 Mar 2021 07:08:15",15.09,-154.36
North Bend,48.99,76,1,3.56,43.4065,-124.2243,US,"Thu, 11 Mar 2021 09:10:55",43.23,-132.04
Toccoa,69.8,43,1,3.44,34.5773,-83.3324,US,"Thu, 11 Mar 2021 12:10:56",34.59,-83.45
Mizdah,59.5,45,15,16.51,31.4451,12.9801,LY,"Thu, 11 Mar 2021 19:10:56",29.56,13.69
Lerwick,44.6,76,40,31.07,60.1545,-1.1494,GB,"Thu, 11 Mar 2021 17:10:56",60.0,1.65
Punta Arenas,50.0,62,75,26.46,-53.15,-70.9167,CL,"Thu, 11 Mar 2021 14:10:57",-85.24,-119.92
Belle Fourche,39.99,38,1,1.63,44.6714,-103.8522,US,"Thu, 11 Mar 2021 10:10:57",45.5,-104.57
Bengkulu,76.35,89,76,3.6,-3.8004,102.2655,ID,"Fri, 12 Mar 2021 00:10:57",-11.48,95.91
Lebu,62.42,62,12,16.37,-37.6167,-73.65,CL,"Thu, 11 Mar 2021 14:10:02",-36.91,-104.27
Iqaluit,-13.0,64,40,4.61,63.7506,-68.5145,CA,"Thu, 11 Mar 2021 12:10:58",57.75,-70.31
Carhuamayo,47.05,63,83,7.96,-10.9167,-76.0333,PE,"Thu, 11 Mar 2021 12:10:58",-10.9,-75.84
Rovaniemi,14.0,79,90,14.97,66.5,25.7167,FI,"Thu, 11 Mar 2021 19:10:59",66.3,26.08
Kyshtovka,16.77,95,100,8.08,56.555,76.6271,RU,"Fri, 12 Mar 2021 00:10:59",57.4,76.42
Chennai,80.6,74,20,8.05,13.0878,80.2785,IN,"Thu, 11 Mar 2021 22:40:59",12.65,81.19
Cabra,66.99,42,32,1.99,37.4725,-4.4421,PH,"Thu, 11 Mar 2021 18:11:00",13.98,118.75
Isangel,75.33,84,3,11.61,-19.55,169.2667,VU,"Fri, 12 Mar 2021 04:11:00",-19.49,175.8
Vodnyy,9.73,87,100,7.78,63.5046,53.4095,RU,"Thu, 11 Mar 2021 20:11:00",63.65,53.19
Novo Aripuanã,77.0,95,100,4.85,-5.1206,-60.3797,BR,"Thu, 11 Mar 2021 13:11:01",-5.11,-59.93
Sinnamary,78.91,87,89,13.42,5.3833,-52.95,GF,"Thu, 11 Mar 2021 14:11:01",10.7,-49.45
Port Alfred,66.99,83,72,5.01,-33.5906,26.891,ZA,"Thu, 11 Mar 2021 19:11:01",-60.35,42.09
Saint-François,53.6,76,90,13.8,46.4154,3.9054,GP,"Thu, 11 Mar 2021 18:11:02",17.23,-57.58
Ati,87.73,8,69,2.26,13.2154,18.3353,TD,"Thu, 11 Mar 2021 18:12:25",13.78,18.44
Mbekenyera,74.07,96,100,6.38,-10.0,38.9833,TZ,"Thu, 11 Mar 2021 20:12:26",-9.45,39.1
Kaitangata,44.2,93,63,5.19,-46.2817,169.8464,NZ,"Fri, 12 Mar 2021 06:12:26",-56.93,176.66
Cidreira,77.67,58,43,7.9,-30.1811,-50.2056,BR,"Thu, 11 Mar 2021 14:12:26",-59.84,-19.38
Alofi,66.2,100,97,3.38,-19.0595,-169.9187,NU,"Thu, 11 Mar 2021 06:12:27",-17.86,-166.65
Eyl,77.0,81,2,14.94,7.9803,49.8164,SO,"Thu, 11 Mar 2021 20:12:27",5.29,55.39
Tiksi,-9.35,89,100,19.66,71.6872,128.8694,RU,"Fri, 12 Mar 2021 02:12:28",71.63,127.25
Hobart,59.0,88,90,2.3,-42.8794,147.3294,AU,"Fri, 12 Mar 2021 04:12:28",-64.74,153.75
Venado Tuerto,95.2,21,25,5.95,-33.7456,-61.9688,AR,"Thu, 11 Mar 2021 14:12:28",-33.24,-62.32
Ancud,64.99,77,75,14.97,-41.8697,-73.8203,CL,"Thu, 11 Mar 2021 14:12:29",-41.0,-87.25
Biltine,91.11,6,52,9.33,14.5333,20.9167,TD,"Thu, 11 Mar 2021 18:12:29",14.78,20.29
Tuatapere,43.0,92,58,1.99,-46.1333,167.6833,NZ,"Fri, 12 Mar 2021 06:12:29",-54.98,157.08
Pochutla,90.0,48,1,8.05,15.7432,-96.4661,MX,"Thu, 11 Mar 2021 11:12:30",6.17,-97.23
Pisco,78.01,83,20,10.36,-13.7,-76.2167,PE,"Thu, 11 Mar 2021 12:12:30",-22.26,-87.15
Cayenne,82.99,89,75,9.22,4.9333,-52.3333,GF,"Thu, 11 Mar 2021 14:12:30",13.56,-45.37
Saldanha,71.6,43,100,9.22,-33.0117,17.9442,ZA,"Thu, 11 Mar 2021 19:12:31",-31.63,15.9
George Town,80.6,74,20,2.3,5.4112,100.3354,SH,"Fri, 12 Mar 2021 01:11:21",-8.97,-14.47
Beringovskiy,-2.83,73,0,4.94,63.05,179.3167,RU,"Fri, 12 Mar 2021 05:12:31",50.95,179.96
Pasinler,33.8,93,75,2.3,39.9803,41.6764,TR,"Thu, 11 Mar 2021 20:12:32",39.66,41.95
Nome,-23.8,76,1,6.91,64.5011,-165.4064,US,"Thu, 11 Mar 2021 08:09:49",69.18,-164.01
Bethel,66.2,34,1,11.5,41.3712,-73.414,US,"Thu, 11 Mar 2021 12:12:32",46.53,-167.61
Castro,77.5,53,2,8.57,-24.7911,-50.0119,CL,"Thu, 11 Mar 2021 14:12:32",-44.69,-98.0
Matara,77.47,87,82,8.68,5.9485,80.5353,LK,"Thu, 11 Mar 2021 22:42:33",0.73,80.7
Yarmouth,55.0,62,1,18.41,41.7057,-70.2286,CA,"Thu, 11 Mar 2021 12:12:33",41.42,-67.17
Chui,79.07,44,85,1.54,-33.6971,-53.4616,UY,"Thu, 11 Mar 2021 14:12:34",-60.76,-26.96
Tasiilaq,23.0,54,40,1.14,65.6145,-37.6368,GL,"Thu, 11 Mar 2021 14:12:34",53.62,-32.07
Mwinilunga,66.85,90,100,2.59,-11.7358,24.4293,ZM,"Thu, 11 Mar 2021 19:12:34",-11.89,25.11
Tessalit,84.09,6,6,14.56,20.1986,1.0114,ML,"Thu, 11 Mar 2021 17:12:35",20.41,0.37
Tautira,82.4,78,40,5.75,-17.7333,-149.15,PF,"Thu, 11 Mar 2021 07:12:35",-18.09,-148.42
Wilmington,72.0,46,40,6.91,34.2257,-77.9447,US,"Thu, 11 Mar 2021 12:02:30",30.81,-75.5
Dourbali,95.25,8,95,6.71,11.8091,15.8632,TD,"Thu, 11 Mar 2021 18:12:36",12.17,15.76
Kavaratti,83.7,66,63,5.32,10.5669,72.642,IN,"Thu, 11 Mar 2021 22:42:36",8.16,63.54
Esperance,66.2,88,40,8.05,-33.8667,121.9,AU,"Fri, 12 Mar 2021 01:11:08",-35.88,124.59
Constitución,69.12,56,0,15.28,-35.3333,-72.4167,CL,"Thu, 11 Mar 2021 14:09:20",-32.24,-77.91
Dikson,-14.46,93,100,22.68,73.5069,80.5464,RU,"Fri, 12 Mar 2021 00:12:37",72.21,77.95
Rādhanpur,75.11,49,0,8.75,23.8333,71.6,IN,"Thu, 11 Mar 2021 22:42:37",24.02,71.64
Qaanaaq,4.41,60,0,3.6,77.484,-69.3632,GL,"Thu, 11 Mar 2021 13:12:37",78.77,-72.0
Tuktoyaktuk,1.4,85,90,13.8,69.4541,-133.0374,CA,"Thu, 11 Mar 2021 10:12:38",81.76,-120.76
Vestmannaeyjar,37.4,70,0,17.27,63.4427,-20.2734,IS,"Thu, 11 Mar 2021 17:12:38",55.83,-22.07
Linxia Chengguanzhen,47.95,26,22,1.86,35.6003,103.2064,CN,"Fri, 12 Mar 2021 01:12:38",35.28,103.71
Mastic Beach,55.4,54,1,14.97,40.7668,-72.8521,US,"Thu, 11 Mar 2021 12:12:39",40.16,-72.03
Hue,73.4,94,20,3.44,16.4667,107.6,VN,"Fri, 12 Mar 2021 00:12:39",16.64,107.13
New Norfolk,59.0,88,90,2.3,-42.7826,147.0587,AU,"Fri, 12 Mar 2021 04:12:39",-48.61,139.79
Rapid Valley,41.0,52,1,4.61,44.0625,-103.1463,US,"Thu, 11 Mar 2021 10:11:11",43.76,-102.61
Dogbo,89.91,54,91,14.12,6.8167,1.7833,BJ,"Thu, 11 Mar 2021 18:12:40",6.82,1.97
Villazón,63.16,24,0,4.88,-22.0866,-65.5942,BO,"Thu, 11 Mar 2021 13:12:40",-22.3,-66.72
Muisne,79.25,79,94,5.08,0.6,-80.0333,EC,"Thu, 11 Mar 2021 12:12:41",3.31,-82.74
Yangambi,82.0,59,70,2.21,0.8102,24.4336,CD,"Thu, 11 Mar 2021 19:12:41",-0.47,23.9
Batu,75.2,94,20,3.44,-7.87,112.5283,ID,"Fri, 12 Mar 2021 00:12:41",-7.8,112.55
Whitianga,55.99,97,7,1.01,-36.8333,175.7,NZ,"Fri, 12 Mar 2021 06:12:42",-34.96,177.41
Shimoda,46.0,88,94,7.67,34.6667,138.95,JP,"Fri, 12 Mar 2021 02:12:42",26.96,141.65
Bismarck,32.0,59,90,17.27,46.8083,-100.7837,US,"Thu, 11 Mar 2021 11:08:02",47.61,-100.18
Henties Bay,66.0,88,0,5.01,-22.116,14.2845,NA,"Thu, 11 Mar 2021 19:12:43",-22.89,6.15
Avarua,77.0,88,97,4.61,-21.2078,-159.775,CK,"Thu, 11 Mar 2021 07:12:43",-54.57,-164.18
Longyearbyen,12.2,67,40,14.97,78.2186,15.6401,SJ,"Thu, 11 Mar 2021 18:12:43",88.67,14.25
Don Luan,75.25,73,66,2.33,11.5333,106.9167,VN,"Fri, 12 Mar 2021 00:12:44",11.99,106.5
Berlevåg,17.6,86,35,46.04,70.8578,29.0864,NO,"Thu, 11 Mar 2021 18:12:44",83.14,32.13
Bagdarin,13.66,95,37,2.89,54.4333,113.6,RU,"Fri, 12 Mar 2021 01:12:33",54.93,114.61
Awjilah,69.04,43,75,17.69,29.1081,21.2869,LY,"Thu, 11 Mar 2021 19:12:45",24.75,19.75
Torbay,37.99,55,90,32.21,47.6666,-52.7314,CA,"Thu, 11 Mar 2021 13:42:45",35.3,-46.37
Evensk,-0.96,85,97,10.78,61.95,159.2333,RU,"Fri, 12 Mar 2021 04:12:46",61.25,158.76
Lučani,41.0,64,0,5.75,43.8608,20.1381,RS,"Thu, 11 Mar 2021 18:12:46",44.0,20.1
Ust'-Koksa,17.02,90,94,2.1,50.2696,85.6108,RU,"Fri, 12 Mar 2021 00:12:46",49.54,85.58
Greece,69.8,40,75,21.85,43.2098,-77.6931,US,"Thu, 11 Mar 2021 12:12:47",43.36,-77.71
Tarancón,64.0,50,44,25.99,40.0085,-3.0073,ES,"Thu, 11 Mar 2021 18:12:47",40.19,-2.89
Meulaboh,78.06,84,91,2.75,4.1363,96.1285,ID,"Fri, 12 Mar 2021 00:12:48",-3.31,89.44
Nabire,75.34,92,80,3.42,-3.3667,135.4833,ID,"Fri, 12 Mar 2021 02:08:21",-5.02,137.55
Namatanai,78.73,78,78,3.11,-3.6667,152.4333,PG,"Fri, 12 Mar 2021 03:12:48",-1.26,154.41
Mbandaka,83.12,66,54,2.77,0.0487,18.2603,CD,"Thu, 11 Mar 2021 18:10:26",0.37,19.49
Thio,73.4,78,90,4.61,-21.6167,166.2167,NC,"Fri, 12 Mar 2021 04:12:49",-21.56,166.09
Caravelas,85.42,55,0,11.59,-17.7125,-39.2481,BR,"Thu, 11 Mar 2021 14:12:49",-21.94,-24.53
Araouane,83.1,14,0,20.13,18.9048,-3.5265,ML,"Thu, 11 Mar 2021 17:14:01",19.42,-3.67
Dukat,-12.21,71,49,0.74,62.55,155.55,RU,"Fri, 12 Mar 2021 04:14:01",63.33,155.22
Agnibilékrou,90.54,48,83,3.4,7.1344,-3.2047,CI,"Thu, 11 Mar 2021 17:14:02",7.28,-3.21
Aksu,47.21,35,99,1.23,41.1231,80.2644,CN,"Fri, 12 Mar 2021 01:14:02",38.63,81.95
Whyalla,60.8,94,7,4.61,-33.0333,137.5833,AU,"Fri, 12 Mar 2021 03:44:02",-33.53,136.94
Kondoa,66.4,69,0,3.53,-4.9,35.7833,TZ,"Thu, 11 Mar 2021 20:14:03",-4.96,36.03
Faanui,82.0,76,49,12.84,-16.4833,-151.75,PF,"Thu, 11 Mar 2021 07:14:03",-9.98,-159.99
Malko Tarnovo,37.4,65,75,12.66,41.9833,27.5333,BG,"Thu, 11 Mar 2021 19:14:03",41.92,27.44
Dingle,74.23,96,100,10.2,10.9995,122.6711,IE,"Fri, 12 Mar 2021 01:14:04",51.48,-17.2
Óbidos,85.51,61,69,4.52,-1.9175,-55.5181,BR,"Thu, 11 Mar 2021 14:14:04",-1.83,-55.55
Bone,53.01,68,72,5.01,51.9669,12.1396,ID,"Thu, 11 Mar 2021 18:14:05",-4.16,121.06
Mahabalipuram,80.6,74,20,8.05,12.6264,80.1722,IN,"Thu, 11 Mar 2021 22:44:05",11.5,82.63
Gobabis,79.97,28,62,11.68,-22.45,18.9667,NA,"Thu, 11 Mar 2021 19:14:05",-22.44,20.2
Río Gallegos,60.8,33,75,40.29,-51.6226,-69.2181,AR,"Thu, 11 Mar 2021 14:14:06",-51.32,-66.83
Lagoa,55.49,67,50,11.97,39.05,-27.9833,PT,"Thu, 11 Mar 2021 16:14:06",40.97,-27.16
São José da Coroa Grande,84.83,65,92,11.39,-8.8978,-35.1478,BR,"Thu, 11 Mar 2021 14:14:06",-14.08,-25.51
Manado,73.4,94,20,1.14,1.487,124.8455,ID,"Fri, 12 Mar 2021 01:14:07",2.94,123.15
Karratha,86.52,62,92,4.72,-20.7377,116.8463,AU,"Fri, 12 Mar 2021 01:14:07",-20.57,116.02
Kibaya,63.0,76,0,3.87,-5.3,36.5667,TZ,"Thu, 11 Mar 2021 20:14:07",-5.5,36.34
St. George's,79.95,71,15,16.13,12.0564,-61.7485,GF,"Thu, 11 Mar 2021 13:14:08",4.11,-51.63
East Stroudsburg,62.01,36,70,7.72,40.9995,-75.1813,US,"Thu, 11 Mar 2021 12:14:08",41.04,-75.1
Waipawa,57.2,72,75,12.66,-41.4122,175.5153,NZ,"Fri, 12 Mar 2021 06:14:09",-42.43,175.58
Camopi,74.68,98,100,2.91,3.1655,-52.3158,GF,"Thu, 11 Mar 2021 14:14:09",1.51,-54.22
Muromtsevo,13.66,89,94,8.84,56.3724,75.2418,RU,"Thu, 11 Mar 2021 23:14:10",56.64,75.39
Petropavlovsk-Kamchatskiy,26.6,100,40,4.47,53.0452,158.6483,RU,"Fri, 12 Mar 2021 05:14:10",50.4,162.21
Shirokiy,12.69,95,0,2.19,49.758,129.523,RU,"Fri, 12 Mar 2021 02:14:11",63.73,148.41
San Felipe,82.62,61,72,8.63,10.3399,-68.7425,MX,"Thu, 11 Mar 2021 13:14:11",31.32,-114.94
Mahébourg,80.6,78,75,12.66,-20.4081,57.7,MU,"Thu, 11 Mar 2021 21:14:11",-48.0,78.99
Fortuna,46.0,100,40,8.05,40.5982,-124.1573,US,"Thu, 11 Mar 2021 09:14:12",35.9,-141.89
Lubao,77.0,73,75,6.91,14.9167,120.55,CD,"Fri, 12 Mar 2021 01:14:12",-4.48,25.26
Clovis,48.0,71,90,4.61,36.8252,-119.7029,US,"Thu, 11 Mar 2021 09:14:13",34.57,-103.24
Cabo San Lucas,77.0,53,40,3.44,22.8909,-109.9124,MX,"Thu, 11 Mar 2021 10:10:36",9.53,-118.36
Cherskiy,-15.11,79,9,7.78,68.75,161.3,RU,"Fri, 12 Mar 2021 04:14:13",81.62,160.83
Bambous Virieux,80.6,78,75,12.66,-20.3428,57.7575,MU,"Thu, 11 Mar 2021 21:14:14",-24.48,62.71
Severo-Kuril'sk,30.06,94,63,20.49,50.6789,156.125,RU,"Fri, 12 Mar 2021 04:14:14",37.54,161.49
Tarumovka,27.19,53,100,17.02,44.0761,46.5361,RU,"Thu, 11 Mar 2021 20:14:14",44.18,46.34
"Leibnitz, Styria",45.0,70,100,3.78,46.7816,15.5384,AT,"Thu, 11 Mar 2021 18:14:15",46.83,15.5
Bereda,53.01,100,98,5.99,43.2686,-7.5406,SO,"Thu, 11 Mar 2021 18:14:15",14.46,51.09
Kalangala,77.0,69,20,11.5,-0.3089,32.225,UG,"Thu, 11 Mar 2021 20:14:15",-0.66,33.18
Coyhaique,60.8,59,75,5.75,-45.5752,-72.0662,CL,"Thu, 11 Mar 2021 14:14:16",-50.07,-82.52
Visnes,44.6,81,75,20.71,59.3556,5.2242,NO,"Thu, 11 Mar 2021 18:14:16",58.05,3.24
Nyurba,5.29,95,99,3.06,63.2842,118.3319,RU,"Fri, 12 Mar 2021 02:14:16",67.18,117.62
Dera Bugti,72.5,16,0,3.22,29.0307,69.151,PK,"Thu, 11 Mar 2021 22:14:17",29.32,69.38
Nizwá,76.96,19,6,8.16,22.9333,57.5333,OM,"Thu, 11 Mar 2021 21:14:17",20.96,56.96
Jumla,42.21,70,44,3.27,29.2747,82.1838,NP,"Thu, 11 Mar 2021 22:59:17",31.28,83.83
Esperanza,80.01,71,37,7.0,19.5847,-70.9849,PH,"Thu, 11 Mar 2021 13:14:18",10.72,124.46
São Lourenço da Mata,84.2,65,40,10.36,-8.0022,-35.0183,BR,"Thu, 11 Mar 2021 14:14:18",-8.04,-35.08
Oyama,54.0,87,75,2.3,36.3,139.8,JP,"Fri, 12 Mar 2021 02:14:19",30.62,138.94
Trairi,85.68,70,99,12.75,-3.2778,-39.2689,BR,"Thu, 11 Mar 2021 14:14:08",2.97,-35.87
Emerald,73.4,88,15,9.22,-23.5333,148.1667,AU,"Fri, 12 Mar 2021 03:14:19",-24.34,143.49
Labuhan,77.18,86,100,6.8,-6.8844,112.2051,ID,"Fri, 12 Mar 2021 00:14:19",-12.93,98.81
Verkhnyaya Salda,-8.14,93,84,4.32,58.0456,60.5533,RU,"Thu, 11 Mar 2021 22:14:20",58.17,60.62
Inuvik,5.0,85,100,10.36,68.3499,-133.7218,CA,"Thu, 11 Mar 2021 10:14:20",67.99,-132.36
Hambantota,79.77,82,76,15.1,6.1241,81.1185,LK,"Thu, 11 Mar 2021 22:44:20",-5.94,86.93
Mehamn,21.2,73,0,32.21,71.0357,27.8492,NO,"Thu, 11 Mar 2021 18:14:21",77.93,26.8
Aleksinac,41.0,48,0,3.44,43.5417,21.7078,RS,"Thu, 11 Mar 2021 18:14:21",43.79,21.69
Nynäshamn,34.0,95,100,15.01,58.9034,17.9479,SE,"Thu, 11 Mar 2021 18:14:22",58.28,17.85
Geraldton,73.4,83,40,8.05,-28.7667,114.6,CA,"Fri, 12 Mar 2021 01:14:22",55.54,-88.04
Kurchum,23.59,94,74,2.01,48.5722,83.6542,KZ,"Thu, 11 Mar 2021 23:14:23",47.91,83.54
Luwuk,78.28,80,87,2.84,-0.9516,122.7875,ID,"Fri, 12 Mar 2021 01:14:23",-1.9,124.32
Thinadhoo,83.05,65,94,5.19,0.5333,72.9333,MV,"Thu, 11 Mar 2021 22:14:24",-0.89,64.2
Ostrovnoy,12.58,77,100,30.58,68.0531,39.5131,RU,"Thu, 11 Mar 2021 20:14:24",67.75,40.55
Shouguang,45.0,74,12,4.0,36.88,118.7375,CN,"Fri, 12 Mar 2021 01:14:24",37.29,118.94
Bayshore Gardens,78.8,47,20,13.8,27.4253,-82.5904,US,"Thu, 11 Mar 2021 12:14:25",26.16,-85.18
Blind River,46.4,66,1,24.16,46.1834,-82.9582,CA,"Thu, 11 Mar 2021 12:14:25",46.05,-82.84
Carballo,57.2,67,20,8.05,43.213,-8.691,ES,"Thu, 11 Mar 2021 18:14:25",45.3,-10.97
Château-Gontier,54.0,71,0,16.11,47.8333,-0.7,FR,"Thu, 11 Mar 2021 18:14:26",47.87,-0.65
Verkhnyaya Khava,12.2,57,0,4.47,51.8404,39.9413,RU,"Thu, 11 Mar 2021 20:14:26",52.05,40.13
Princeton,79.0,57,1,16.11,25.5384,-80.4089,CA,"Thu, 11 Mar 2021 12:14:27",49.3,-120.12
Port Lincoln,64.33,86,29,10.29,-34.7333,135.8667,AU,"Fri, 12 Mar 2021 03:44:27",-38.98,134.43
Barcelos,55.99,100,75,10.36,41.5388,-8.6151,BR,"Thu, 11 Mar 2021 17:14:27",1.34,-62.67
College,-2.0,59,90,17.27,64.8569,-147.8028,US,"Thu, 11 Mar 2021 08:11:38",67.19,-148.76
Great Bend,52.0,49,1,13.8,38.3645,-98.7648,US,"Thu, 11 Mar 2021 11:14:28",37.7,-98.88
Halmstad,45.0,93,90,14.97,56.6745,12.8568,SE,"Thu, 11 Mar 2021 18:14:28",56.56,12.83
Cimarron Hills,32.0,64,75,17.27,38.8586,-104.6989,US,"Thu, 11 Mar 2021 10:13:41",38.8,-103.88
Antofagasta,77.0,60,20,13.8,-23.65,-70.4,CL,"Thu, 11 Mar 2021 14:13:52",-24.08,-70.48
Vanimo,78.62,88,100,5.88,-2.6741,141.3028,PG,"Fri, 12 Mar 2021 03:14:29",4.56,142.74
Naze,63.88,80,76,18.84,28.3667,129.4833,JP,"Fri, 12 Mar 2021 02:14:29",20.45,138.48
Taoudenni,81.77,17,7,20.69,22.6783,-3.9836,ML,"Thu, 11 Mar 2021 17:14:30",23.66,-4.67
Darłowo,41.0,100,100,23.8,54.421,16.4107,PL,"Thu, 11 Mar 2021 18:14:30",54.26,16.51
Alpena,60.8,29,1,24.16,45.0617,-83.4327,US,"Thu, 11 Mar 2021 12:13:33",44.88,-82.79
Challans,53.6,62,0,18.41,46.8436,-1.8749,FR,"Thu, 11 Mar 2021 18:14:31",45.59,-2.95
Manokwari,78.22,82,99,1.99,-0.8667,134.0833,ID,"Fri, 12 Mar 2021 02:14:31",1.68,134.66
Banfora,102.11,11,14,4.38,10.6333,-4.7667,BF,"Thu, 11 Mar 2021 17:14:31",10.2,-4.99
Kopavogur,32.0,86,40,18.41,64.1123,-21.913,IS,"Thu, 11 Mar 2021 17:11:19",64.18,-21.63
Road Town,82.4,61,40,9.22,18.4167,-64.6167,VG,"Thu, 11 Mar 2021 13:12:28",20.88,-64.56
Perth,72.0,83,75,8.05,-31.9333,115.8333,AU,"Fri, 12 Mar 2021 01:11:50",-30.63,115.64
Lovozero,1.6,85,61,6.44,68.005,35.0117,RU,"Thu, 11 Mar 2021 20:14:32",67.41,36.29
Jaraguá,80.6,54,75,6.91,-15.7569,-49.3344,BR,"Thu, 11 Mar 2021 14:11:02",-15.87,-49.32
Hammerfest,24.8,63,0,11.5,70.6634,23.6821,NO,"Thu, 11 Mar 2021 18:14:33",74.82,21.76
Solone,23.0,68,0,11.18,48.2081,34.8721,UA,"Thu, 11 Mar 2021 19:14:33",48.36,34.72
São Filipe,71.28,69,99,9.13,14.8961,-24.4956,CV,"Thu, 11 Mar 2021 16:14:34",10.04,-35.65
Kieta,79.38,84,98,3.29,-6.2167,155.6333,PG,"Fri, 12 Mar 2021 04:14:34",-1.83,159.75
Dzilam González,85.73,49,0,8.25,21.2833,-88.9333,MX,"Thu, 11 Mar 2021 11:14:34",23.71,-88.62
Lompoc,46.0,87,20,4.61,34.6391,-120.4579,US,"Thu, 11 Mar 2021 09:11:06",23.7,-129.3
Gogrial,94.44,20,58,4.38,8.5332,28.1004,SD,"Thu, 11 Mar 2021 19:14:35",8.29,27.76
Gazli,50.97,32,23,12.41,40.1333,63.45,UZ,"Thu, 11 Mar 2021 22:14:35",40.85,63.83
Gao,94.03,9,45,9.6,16.6362,1.637,ML,"Thu, 11 Mar 2021 17:14:36",17.74,-0.68
San Patricio,78.8,65,90,24.16,28.017,-97.5169,MX,"Thu, 11 Mar 2021 11:14:36",15.45,-106.47
Valle Hermoso,80.6,78,75,18.41,25.6667,-97.8333,MX,"Thu, 11 Mar 2021 11:14:37",25.46,-97.5
Baykit,18.57,90,96,10.33,61.67,96.37,RU,"Fri, 12 Mar 2021 00:14:37",65.83,94.41
Itarema,86.63,66,77,14.74,-2.9248,-39.9167,BR,"Thu, 11 Mar 2021 14:14:37",8.66,-36.22
São João da Barra,87.8,58,75,11.5,-21.6403,-41.0511,BR,"Thu, 11 Mar 2021 14:14:38",-32.61,-22.34
Preston,44.6,76,20,32.21,53.7667,-2.7167,US,"Thu, 11 Mar 2021 17:14:38",42.14,-112.01
Half Moon Bay,48.2,81,90,8.05,37.4636,-122.4286,US,"Thu, 11 Mar 2021 09:14:39",32.38,-134.74
Tongchuanshi,46.94,71,0,0.98,35.0806,109.0897,CN,"Fri, 12 Mar 2021 01:11:28",35.08,108.17
Arrondissement de Nogent-le-Rotrou,46.4,87,75,14.97,48.3333,1.0,FR,"Thu, 11 Mar 2021 18:14:40",48.37,0.92
Laas,51.8,75,20,10.36,46.6166,10.7002,CN,"Thu, 11 Mar 2021 18:14:40",31.28,87.66
Tongliao,34.3,61,78,4.76,43.6125,122.2653,CN,"Fri, 12 Mar 2021 01:14:41",43.08,122.76
Kenai,15.8,67,90,3.44,60.5544,-151.2583,US,"Thu, 11 Mar 2021 08:11:15",64.25,-155.49
Adrar,80.1,8,0,21.59,20.5022,-10.0711,DZ,"Thu, 11 Mar 2021 17:14:41",26.74,-2.47
Nizhniy Baskunchak,13.53,47,1,11.54,48.2198,46.8311,RU,"Thu, 11 Mar 2021 21:14:42",48.41,46.92
Mayna,2.46,96,96,7.72,54.1135,47.6231,RU,"Thu, 11 Mar 2021 21:14:42",52.49,91.93
Ardakān,69.8,17,75,6.91,32.31,54.0175,IR,"Thu, 11 Mar 2021 20:44:42",33.3,55.1
Oddur,85.23,25,0,11.48,4.1213,43.8894,SO,"Thu, 11 Mar 2021 20:14:43",6.31,43.63
Grindavik,30.2,80,75,33.38,63.8424,-22.4338,IS,"Thu, 11 Mar 2021 17:14:43",54.51,-23.99
Russell,73.4,38,1,8.05,32.3502,-85.1999,NZ,"Thu, 11 Mar 2021 11:14:43",-33.58,175.88
Kamenka,-1.82,92,2,5.88,51.3223,42.7678,RU,"Thu, 11 Mar 2021 20:14:44",69.72,43.46
Saint George,44.01,65,40,4.61,37.1041,-113.5841,BM,"Thu, 11 Mar 2021 10:14:44",35.57,-65.51
Ribeira Grande,62.6,72,75,12.66,38.5167,-28.7,PT,"Thu, 11 Mar 2021 16:14:44",40.16,-30.71
Arraial do Cabo,86.0,69,20,12.66,-22.9661,-42.0278,BR,"Thu, 11 Mar 2021 14:14:45",-57.34,-17.24
Maumere,78.96,83,92,2.91,-8.6199,122.2111,ID,"Fri, 12 Mar 2021 01:13:20",-9.67,122.32
Verkhnyaya Inta,4.37,94,100,19.93,65.9811,60.3094,RU,"Thu, 11 Mar 2021 20:14:45",64.39,62.18
Aasiaat,13.57,92,100,5.19,68.7098,-52.8699,GL,"Thu, 11 Mar 2021 14:14:46",71.42,-53.02
Novoil'insk,22.69,89,0,3.56,51.6829,108.7143,RU,"Fri, 12 Mar 2021 01:14:46",51.55,108.75
Kondinskoye,-7.73,95,100,10.87,59.6481,67.41,RU,"Thu, 11 Mar 2021 22:14:46",60.33,67.08
Lufilufi,81.39,73,100,5.86,-13.8745,-171.5986,WS,"Fri, 12 Mar 2021 07:14:47",-6.58,-167.69
Strezhevoy,1.4,78,90,11.18,60.7333,77.5889,RU,"Fri, 12 Mar 2021 00:14:15",62.18,79.88
Vila,52.0,95,100,3.96,42.0304,-8.1588,VU,"Thu, 11 Mar 2021 17:14:47",-15.17,172.4
Senneterre,55.4,76,40,19.57,48.3835,-77.2328,CA,"Thu, 11 Mar 2021 12:14:48",48.59,-75.87
Kuandian,40.71,78,100,1.99,40.7286,124.7847,CN,"Fri, 12 Mar 2021 01:14:48",40.47,124.7
Hollister,46.99,87,1,4.61,36.8525,-121.4016,US,"Thu, 11 Mar 2021 09:14:49",36.8,-121.23
Måløy,46.4,70,75,25.32,61.9353,5.1136,NO,"Thu, 11 Mar 2021 18:14:49",62.83,2.23
Beauceville,57.2,38,94,3.44,46.2179,-70.7787,CA,"Thu, 11 Mar 2021 12:14:49",46.17,-70.76
Talnakh,-29.18,95,57,5.86,69.4865,88.3972,RU,"Fri, 12 Mar 2021 00:14:50",74.36,93.68
Bud,60.01,94,75,8.05,39.447,-86.1758,NO,"Thu, 11 Mar 2021 12:14:50",72.33,2.47
West Melbourne,75.99,53,20,14.97,28.0717,-80.6534,US,"Thu, 11 Mar 2021 12:14:50",27.96,-80.73
Omboué,78.78,87,100,6.51,-1.5746,9.2618,GA,"Thu, 11 Mar 2021 18:14:51",-4.99,3.16
Sakakah,82.4,11,0,9.22,29.9697,40.2064,SA,"Thu, 11 Mar 2021 20:12:03",28.13,40.27
Dhanera,72.61,38,0,4.92,24.5167,72.0167,IN,"Thu, 11 Mar 2021 22:44:51",24.47,71.83
Ternate,81.03,81,24,5.88,0.8,127.4,ID,"Fri, 12 Mar 2021 02:14:52",1.46,126.55
Iporá,79.48,76,49,5.64,-16.4419,-51.1178,BR,"Thu, 11 Mar 2021 14:14:52",-15.98,-51.22
Praia da Vitória,60.8,63,90,11.27,38.7333,-27.0667,PT,"Thu, 11 Mar 2021 16:14:52",50.64,-22.83
Corinth,48.2,66,40,11.5,37.9407,22.9573,US,"Thu, 11 Mar 2021 19:14:53",35.06,-88.63
Amapá,81.1,78,100,5.75,1.0,-52.0,BR,"Thu, 11 Mar 2021 14:14:53",3.6,-47.35
Balkanabat,56.17,47,100,7.7,39.5108,54.3671,TM,"Thu, 11 Mar 2021 22:14:54",40.14,53.87
Parrita,81.0,53,0,20.71,9.5201,-84.3225,CR,"Thu, 11 Mar 2021 11:14:54",7.59,-85.76
Salinópolis,82.4,75,91,3.91,-0.6136,-47.3561,BR,"Thu, 11 Mar 2021 14:14:54",7.95,-43.14
Shiyan,52.18,76,1,1.97,32.6475,110.7781,CN,"Fri, 12 Mar 2021 01:14:55",32.1,110.71
Kruisfontein,64.99,86,56,7.0,-34.0033,24.7314,ZA,"Thu, 11 Mar 2021 19:14:55",-72.94,26.83
Yeppoon,73.4,83,90,5.75,-23.1333,150.7333,AU,"Fri, 12 Mar 2021 03:14:55",-21.89,150.45
Cestas,54.0,87,75,14.97,44.7435,-0.6791,FR,"Thu, 11 Mar 2021 18:14:56",44.49,-0.64
Ayagoz,17.89,97,46,10.58,47.9714,80.4392,KZ,"Thu, 11 Mar 2021 23:14:56",48.01,81.19
Aitape,77.99,86,100,3.06,-3.1374,142.3475,PG,"Fri, 12 Mar 2021 03:14:57",-0.88,143.73
Homer,21.2,58,90,12.66,59.6425,-151.5483,US,"Thu, 11 Mar 2021 08:14:57",58.74,-150.61
Nouadhibou,82.4,26,61,14.97,20.931,-17.0347,MR,"Thu, 11 Mar 2021 17:14:57",20.18,-20.44
Orange,54.0,58,40,3.83,33.7,-117.7675,AU,"Thu, 11 Mar 2021 09:14:58",-33.24,148.99
Gold Coast,70.0,94,63,1.14,-28.0,153.4333,AU,"Fri, 12 Mar 2021 03:10:13",-27.75,154.06
Antalaha,78.62,84,59,8.32,-14.9003,50.2788,MG,"Thu, 11 Mar 2021 20:14:58",-13.75,55.75
Anchorage,15.8,41,90,10.36,61.2181,-149.9003,US,"Thu, 11 Mar 2021 08:13:53",63.73,-151.79
Aklavik,1.4,85,90,28.77,68.2191,-135.0107,CA,"Thu, 11 Mar 2021 10:14:59",74.18,-137.49
Sun Valley,34.0,55,75,4.52,39.5963,-119.776,US,"Thu, 11 Mar 2021 09:14:59",39.85,-119.72
Korampallam,82.35,75,0,15.41,8.7667,78.1,IN,"Thu, 11 Mar 2021 22:45:00",8.72,78.46
Fairbanks,-2.0,65,40,21.85,64.8378,-147.7164,US,"Thu, 11 Mar 2021 08:12:24",64.21,-147.84
Lavrentiya,-14.17,69,0,6.62,65.5833,-171.0,RU,"Fri, 12 Mar 2021 05:15:00",66.35,-168.58
Sucha Beskidzka,37.4,75,75,2.3,49.7419,19.5943,PL,"Thu, 11 Mar 2021 18:15:00",49.86,19.62
Puerto Cabezas,84.2,84,75,4.61,14.0351,-83.3888,NI,"Thu, 11 Mar 2021 11:15:01",13.97,-82.1
Tawang Town,39.52,92,88,1.05,27.5833,91.8667,IN,"Thu, 11 Mar 2021 22:45:01",28.28,92.05
Pacific Grove,50.0,71,75,6.38,36.6177,-121.9166,US,"Thu, 11 Mar 2021 09:15:02",31.29,-131.4
Norman Wells,6.8,85,90,14.97,65.282,-126.8329,CA,"Thu, 11 Mar 2021 10:15:04",68.9,-125.11
Kavieng,81.68,68,100,5.95,-2.5744,150.7967,PG,"Fri, 12 Mar 2021 03:15:04",13.94,153.34
Shubarkuduk,-6.27,99,96,7.52,49.1447,56.4872,KZ,"Thu, 11 Mar 2021 22:15:05",47.9,55.95
Atar,86.45,9,60,22.46,20.5169,-13.0499,MR,"Thu, 11 Mar 2021 17:15:05",21.87,-9.76
Harper,82.78,79,100,9.26,4.375,-7.7169,LR,"Thu, 11 Mar 2021 17:15:05",2.54,-7.77
Paramirim,88.95,42,20,4.97,-13.4425,-42.2389,BR,"Thu, 11 Mar 2021 14:15:06",-13.05,-42.0
Bilma,90.88,6,82,6.33,18.6853,12.9164,NE,"Thu, 11 Mar 2021 18:15:06",21.3,14.01
Saint-Tite,42.8,70,98,5.75,46.7334,-72.5658,CA,"Thu, 11 Mar 2021 12:15:06",46.8,-72.65
Stephenville,71.6,60,90,13.8,32.2207,-98.2023,CA,"Thu, 11 Mar 2021 11:15:07",49.12,-59.18
Vila Velha,86.0,74,20,10.36,-20.3297,-40.2925,BR,"Thu, 11 Mar 2021 14:15:07",-25.31,-27.41
Rantepao,65.98,94,84,2.75,-2.9701,119.8978,ID,"Fri, 12 Mar 2021 01:15:07",-2.65,120.37
Quzhou,53.78,97,65,3.27,28.9594,118.8686,CN,"Fri, 12 Mar 2021 01:15:08",28.39,118.92
Salalah,78.8,69,0,3.44,17.0151,54.0924,OM,"Thu, 11 Mar 2021 21:15:08",19.74,52.44
Neiafu,68.0,94,20,12.95,-18.65,-173.9833,TO,"Fri, 12 Mar 2021 06:15:08",-17.99,-173.88
Avera,72.0,46,40,10.36,33.194,-82.5271,PF,"Thu, 11 Mar 2021 12:15:09",-33.21,-157.0
Bubaque,80.98,53,65,12.53,11.2833,-15.8333,GW,"Thu, 11 Mar 2021 17:15:09",4.62,-20.74
Port Said,64.4,82,0,18.41,31.2565,32.2841,EG,"Thu, 11 Mar 2021 19:15:09",31.69,32.92
Presidencia Roque Sáenz Peña,93.99,29,2,4.0,-26.7852,-60.4388,AR,"Thu, 11 Mar 2021 14:15:10",-26.03,-61.06
Arkhara,10.92,96,1,0.72,49.4212,130.0842,RU,"Fri, 12 Mar 2021 02:15:10",49.67,130.65
Makkah al Mukarramah,84.29,32,0,5.21,21.4267,39.8261,SA,"Thu, 11 Mar 2021 20:15:10",22.59,42.09
Udachny,-18.15,89,46,4.5,66.4167,112.4,RU,"Fri, 12 Mar 2021 02:15:11",66.5,114.96
Buala,78.69,84,92,6.71,-8.145,159.5921,SB,"Fri, 12 Mar 2021 04:15:11",-2.1,163.7
Rameswaram,82.17,77,0,18.81,9.2833,79.3,IN,"Thu, 11 Mar 2021 22:45:12",8.8,79.8
Mbuji-Mayi,79.14,69,56,3.89,-6.15,23.6,CD,"Thu, 11 Mar 2021 19:15:12",-6.32,23.32
Khani,44.6,81,90,17.27,41.9563,42.9566,RU,"Thu, 11 Mar 2021 21:15:12",59.93,119.85
Alice Springs,77.0,83,100,3.44,-23.7,133.8833,AU,"Fri, 12 Mar 2021 02:42:08",-21.47,131.95
San Miguel de Cozumel,81.0,65,40,11.5,20.5083,-86.9458,MX,"Thu, 11 Mar 2021 12:12:25",19.96,-85.09
Pingliang,44.26,75,0,3.56,35.5392,106.6861,CN,"Fri, 12 Mar 2021 01:15:13",35.79,106.62
Jizan,82.4,74,0,3.44,17.3333,42.6667,SA,"Thu, 11 Mar 2021 20:15:14",16.32,41.61
Coacoyul,86.09,29,0,3.15,17.8058,-99.11,MX,"Thu, 11 Mar 2021 11:15:14",17.68,-101.44
Kalmunai,79.88,80,80,8.16,7.4167,81.8167,LK,"Thu, 11 Mar 2021 22:45:14",6.43,88.47
Yola,101.57,15,97,4.43,9.2,12.4833,NG,"Thu, 11 Mar 2021 18:15:15",9.12,12.51
Along,60.71,80,14,2.21,28.1667,94.7667,IN,"Thu, 11 Mar 2021 22:45:15",33.86,95.53
Ayní,33.75,71,22,9.35,39.3941,68.5377,TJ,"Thu, 11 Mar 2021 22:15:15",39.32,68.61
Bandarbeyla,78.28,73,0,10.83,9.4942,50.8122,SO,"Thu, 11 Mar 2021 20:15:16",8.05,55.99
Okha,7.09,84,2,14.36,53.5739,142.9478,RU,"Fri, 12 Mar 2021 04:15:16",55.57,146.31
Balaipungut,77.0,83,40,3.4,1.05,101.2833,ID,"Fri, 12 Mar 2021 00:15:17",0.47,101.49
Kostanay,6.8,78,75,13.42,53.1667,63.5833,KZ,"Thu, 11 Mar 2021 23:15:17",53.12,64.27
Paamiut,20.12,76,100,13.0,61.994,-49.6678,GL,"Thu, 11 Mar 2021 14:15:18",63.66,-48.86
Mossendjo,75.85,95,87,2.82,-2.9506,12.7261,CG,"Thu, 11 Mar 2021 18:15:18",-2.76,13.56
Vilhena,75.2,88,75,8.05,-12.7406,-60.1458,BR,"Thu, 11 Mar 2021 13:10:21",-13.49,-60.29
Saint Paul Harbor,19.4,42,1,39.12,57.79,-152.4072,US,"Thu, 11 Mar 2021 08:15:19",58.31,-156.84
Pierre,42.01,80,1,10.36,44.3683,-100.351,US,"Thu, 11 Mar 2021 11:15:00",43.28,-101.53
Chimoré,94.91,35,3,4.88,-16.9833,-65.1333,BO,"Thu, 11 Mar 2021 13:15:19",-16.31,-64.31
Pontes e Lacerda,91.72,48,91,2.42,-15.2261,-59.3353,BR,"Thu, 11 Mar 2021 13:15:20",-15.36,-58.69
Mossamedes,75.9,73,45,10.54,-15.1961,12.1522,AO,"Thu, 11 Mar 2021 18:15:20",-17.97,7.5
Maputo,87.01,79,40,12.66,-25.9653,32.5892,MZ,"Thu, 11 Mar 2021 19:12:46",-26.17,33.49
Abu Dhabi,78.8,53,0,11.23,24.4667,54.3667,AE,"Thu, 11 Mar 2021 21:12:20",24.66,54.11
Ust'-Ishim,5.23,97,95,2.66,57.6935,71.1665,RU,"Thu, 11 Mar 2021 23:15:21",58.85,70.64
Gonzales,79.0,53,75,10.36,30.2385,-90.9201,US,"Thu, 11 Mar 2021 11:13:20",36.65,-121.43
Norwich,50.0,53,20,19.57,52.6278,1.2983,GB,"Thu, 11 Mar 2021 17:15:21",53.06,1.48
Sur,78.24,40,1,6.64,22.5667,59.5289,OM,"Thu, 11 Mar 2021 21:15:22",19.78,62.84
Chifeng,32.7,96,88,4.38,42.2683,118.9636,CN,"Fri, 12 Mar 2021 01:15:22",44.1,119.06
Bushehr,69.8,73,75,4.61,28.9684,50.8385,IR,"Thu, 11 Mar 2021 20:45:22",29.39,50.61
Puttūr,82.4,74,75,2.21,12.7667,75.2167,IN,"Thu, 11 Mar 2021 22:45:23",13.51,79.55
Bariloche,63.0,58,40,28.77,-41.1456,-71.3082,AR,"Thu, 11 Mar 2021 14:10:36",-41.02,-70.61
Sambava,79.16,85,6,7.0,-14.2667,50.1667,MG,"Thu, 11 Mar 2021 20:15:23",-12.86,53.27
Rincon,75.2,43,40,12.66,32.296,-81.2354,AN,"Thu, 11 Mar 2021 12:15:24",13.28,-67.58
Sorong,76.71,90,100,4.47,-0.8833,131.25,ID,"Fri, 12 Mar 2021 02:15:24",0.85,130.02
Matagami,41.0,100,90,12.66,49.7502,-77.6328,CA,"Thu, 11 Mar 2021 12:15:24",50.36,-79.07
Ganzhou,54.61,91,81,2.13,28.8184,115.4327,CN,"Fri, 12 Mar 2021 01:15:25",25.75,114.7
Flinders,71.01,92,94,4.0,-34.5833,150.8552,AU,"Fri, 12 Mar 2021 04:15:25",-28.8,134.29
Iranshahr,75.2,23,0,4.61,27.2025,60.6848,IR,"Thu, 11 Mar 2021 20:45:25",26.65,59.91
Escalerillas,69.8,28,20,2.84,22.1333,-101.0667,MX,"Thu, 11 Mar 2021 11:15:26",22.09,-101.09
Saurimo,72.54,80,27,3.49,-9.6608,20.3916,AO,"Thu, 11 Mar 2021 18:15:26",-9.08,19.49
Visakhapatnam,78.8,83,1,2.3,17.69,83.2093,IN,"Thu, 11 Mar 2021 22:45:27",17.17,84.08
Hasaki,50.0,81,75,4.61,35.7333,140.8333,JP,"Fri, 12 Mar 2021 02:15:27",30.87,151.71
San Cristobal,82.4,61,40,11.5,7.7669,-72.225,EC,"Thu, 11 Mar 2021 13:15:28",-2.67,-87.69
Novaya Bryan’,19.4,79,0,4.47,51.7159,108.2691,RU,"Fri, 12 Mar 2021 01:15:28",51.59,107.93
Ballina,68.0,94,75,3.38,-28.8667,153.5667,AU,"Fri, 12 Mar 2021 04:15:28",-30.08,155.83
Codrington,55.11,90,25,6.02,-38.2667,141.9667,AG,"Fri, 12 Mar 2021 04:15:29",26.53,-51.9
Prince Rupert,39.2,93,90,11.5,54.3161,-130.3201,CA,"Thu, 11 Mar 2021 09:15:29",51.91,-131.4
Carutapera,85.17,69,80,5.48,-1.195,-46.02,BR,"Thu, 11 Mar 2021 14:15:29",0.74,-45.51
Huarmey,79.54,65,23,10.09,-10.0681,-78.1522,PE,"Thu, 11 Mar 2021 12:15:30",-14.99,-86.75
Usinsk,7.84,91,100,10.98,65.9939,57.5281,RU,"Thu, 11 Mar 2021 20:15:30",69.15,57.81
Iraquara,90.28,32,1,8.61,-12.2486,-41.6194,BR,"Thu, 11 Mar 2021 14:15:30",-12.24,-41.46
Beloha,78.98,65,82,6.73,-25.1667,45.05,MG,"Thu, 11 Mar 2021 20:15:31",-25.68,44.41
Hwange,73.62,55,20,2.13,-18.3693,26.5019,ZW,"Thu, 11 Mar 2021 19:15:31",-18.71,27.15
Portland,44.01,75,20,1.99,45.5234,-122.6762,AU,"Thu, 11 Mar 2021 09:15:00",-45.6,139.94
Kutum,79.43,10,64,7.16,14.2,24.6667,SD,"Thu, 11 Mar 2021 19:15:32",14.47,24.18
Port Hardy,41.0,87,40,2.3,50.6996,-127.4199,CA,"Thu, 11 Mar 2021 09:15:32",46.16,-133.15
Richards Bay,76.91,82,72,15.19,-28.783,32.0377,ZA,"Thu, 11 Mar 2021 19:14:32",-30.95,34.6
Kaoma,69.03,89,36,4.56,-14.7833,24.8,ZM,"Thu, 11 Mar 2021 19:15:33",-16.02,25.17
Santa Helena,88.77,64,100,3.04,-2.2311,-45.3,CO,"Thu, 11 Mar 2021 14:15:33",6.5,-73.6
Sistranda,39.2,56,0,34.52,63.7256,8.834,NO,"Thu, 11 Mar 2021 18:15:33",71.92,4.35
Carauari,80.78,76,98,1.9,-4.8828,-66.8958,BR,"Thu, 11 Mar 2021 13:15:34",-6.15,-67.04
Guerrero Negro,60.76,50,70,14.29,27.9769,-114.0611,MX,"Thu, 11 Mar 2021 10:15:34",25.25,-118.01
Zhangjiakou Shi Xuanhua Qu,47.37,77,84,6.58,40.6103,115.0447,CN,"Fri, 12 Mar 2021 01:13:10",39.7,114.41
Khandyga,-2.0,98,100,3.27,62.6667,135.6,RU,"Fri, 12 Mar 2021 02:15:35",64.55,137.36
Griffith,55.99,54,1,17.27,41.5284,-87.4237,AU,"Thu, 11 Mar 2021 11:15:35",-34.16,145.82
Yanta,42.28,91,16,5.48,36.2411,115.6672,CN,"Fri, 12 Mar 2021 01:15:35",36.48,115.26
Souillac,80.6,78,75,12.66,-20.5167,57.5167,MU,"Thu, 11 Mar 2021 21:15:36",-35.81,64.53
Xiaoweizhai,55.31,96,98,2.21,26.1903,107.5125,CN,"Fri, 12 Mar 2021 01:15:36",25.64,106.9
Asău,30.0,56,73,3.11,46.4333,26.4,TV,"Thu, 11 Mar 2021 19:15:36",-12.18,178.25
Sharan,1.71,97,100,7.67,54.8167,54.0,RU,"Thu, 11 Mar 2021 22:15:37",54.78,54.01
Taltal,72.0,74,16,7.43,-25.4,-70.4833,CL,"Thu, 11 Mar 2021 14:15:37",-26.03,-74.25
Dorado,84.0,65,40,33.55,18.4588,-66.2677,US,"Thu, 11 Mar 2021 13:15:38",20.49,-66.35
Ust-Kuyga,-12.05,83,100,5.06,70.0167,135.6,RU,"Fri, 12 Mar 2021 03:15:38",70.69,133.45
Kiama,71.01,89,96,3.0,-34.6833,150.8667,AU,"Fri, 12 Mar 2021 04:15:38",-36.42,153.93
Kati,95.0,10,0,8.05,12.7441,-8.0726,ML,"Thu, 11 Mar 2021 17:15:39",13.15,-8.25
Santa Rosalía,61.03,38,76,5.99,27.3167,-112.2833,MX,"Thu, 11 Mar 2021 10:15:39",18.11,-93.73
Heihe,15.8,73,0,2.24,50.2441,127.4902,CN,"Fri, 12 Mar 2021 01:15:39",50.05,126.75
Talaya,-12.73,84,88,0.56,61.3833,152.75,RU,"Fri, 12 Mar 2021 04:15:40",60.07,154.52
Nieuwpoort,48.99,66,75,31.07,51.1244,2.7735,AN,"Thu, 11 Mar 2021 18:15:40",11.93,-68.74
Mosquera,66.2,52,40,6.91,4.7059,-74.2302,CO,"Thu, 11 Mar 2021 12:15:40",2.58,-78.69
Vyazovaya,-4.29,98,100,6.15,54.905,58.3561,RU,"Thu, 11 Mar 2021 22:15:41",54.95,58.39
Poplar Bluff,68.0,73,90,19.57,36.757,-90.3929,US,"Thu, 11 Mar 2021 11:15:41",36.99,-90.02
Kargat,25.66,78,100,21.14,55.1956,80.2811,RU,"Fri, 12 Mar 2021 00:15:41",55.28,80.28
Ayan,6.69,69,4,8.37,56.45,138.1667,RU,"Fri, 12 Mar 2021 03:15:42",57.44,140.0
Rafrāf,60.8,41,20,10.36,37.1904,10.1837,TN,"Thu, 11 Mar 2021 18:13:49",37.7,10.53
Cockburn Town,77.0,78,75,16.11,21.4612,-71.1419,TC,"Thu, 11 Mar 2021 12:15:42",24.29,-66.28
Idritsa,25.77,75,100,12.55,56.3316,28.8988,RU,"Thu, 11 Mar 2021 20:15:43",56.03,29.06
Ryazan,6.01,24,9,5.75,54.6197,39.74,RU,"Thu, 11 Mar 2021 20:15:43",54.7,39.74
Banda Aceh,79.12,82,20,7.29,5.5577,95.3222,ID,"Fri, 12 Mar 2021 00:12:09",1.16,88.29
Pudozh,9.34,92,10,6.67,61.8099,36.5345,RU,"Thu, 11 Mar 2021 20:15:44",62.47,37.1
Zyryanka,-8.73,88,17,1.59,65.75,150.85,RU,"Fri, 12 Mar 2021 04:15:44",66.55,151.3
Santa Cruz Cabrália,86.0,54,40,18.41,-16.2781,-39.0247,BR,"Thu, 11 Mar 2021 14:15:44",-16.29,-38.37
Rosetta,62.6,72,40,12.66,31.4044,30.4164,EG,"Thu, 11 Mar 2021 19:15:45",32.72,30.79
Sarh,105.8,15,0,4.27,9.1429,18.3923,TD,"Thu, 11 Mar 2021 18:15:46",8.85,18.63
Íos,53.01,62,19,31.07,36.7333,25.2833,GR,"Thu, 11 Mar 2021 19:15:46",36.8,25.22
Puerto Ayacucho,95.9,35,21,2.59,5.6639,-67.6236,VE,"Thu, 11 Mar 2021 13:15:47",4.9,-65.88
Umm Kaddadah,89.29,8,83,11.77,13.6017,26.6876,SD,"Thu, 11 Mar 2021 19:15:47",14.39,27.32
Sabang,81.99,78,0,10.4,5.8933,95.3214,PH,"Fri, 12 Mar 2021 00:15:47",14.79,123.16
Arica,78.8,53,0,12.66,-18.475,-70.3042,CL,"Thu, 11 Mar 2021 14:15:15",-18.53,-71.16
Sola,75.24,88,100,16.89,-13.8833,167.55,VU,"Fri, 12 Mar 2021 04:15:48",-11.03,171.63
Mangan,61.39,58,49,5.32,27.5167,88.5333,IN,"Thu, 11 Mar 2021 22:45:48",28.47,87.93
Namwala,69.98,90,55,3.47,-15.7504,26.4384,ZM,"Thu, 11 Mar 2021 19:15:48",-16.41,25.48
Bandar-e Anzali,48.2,100,90,8.9,37.4727,49.4622,IR,"Thu, 11 Mar 2021 20:45:49",37.36,49.48
Maceió,87.8,51,40,12.66,-9.6658,-35.7353,BR,"Thu, 11 Mar 2021 14:15:49",-17.2,-26.71
Toronto,66.2,51,73,18.3,43.7001,-79.4163,CA,"Thu, 11 Mar 2021 12:02:44",43.64,-79.58
Kletnya,11.97,93,91,8.97,53.3897,33.2171,RU,"Thu, 11 Mar 2021 20:15:50",53.19,33.35
Cururupu,89.29,51,100,6.51,-1.8283,-44.8683,BR,"Thu, 11 Mar 2021 14:15:50",0.82,-43.32
Sioux Lookout,24.8,63,40,10.36,50.1001,-91.917,CA,"Thu, 11 Mar 2021 11:15:50",51.32,-92.32
Marawi,75.0,93,99,1.01,7.9986,124.2928,SD,"Fri, 12 Mar 2021 01:15:51",19.39,27.92
Maragogi,85.03,65,93,11.36,-9.0122,-35.2225,BR,"Thu, 11 Mar 2021 14:15:51",-15.85,-25.98
Deputatsky,-11.07,98,100,3.51,69.3,139.9,RU,"Fri, 12 Mar 2021 03:15:51",72.84,140.28
Wyndham,73.99,27,1,14.97,37.6985,-77.6125,NZ,"Thu, 11 Mar 2021 12:15:52",-46.24,169.23
Hamada,50.0,11,100,5.53,34.8833,132.0833,JP,"Fri, 12 Mar 2021 02:15:52",35.7,131.41
Formosa do Rio Preto,88.12,61,18,0.98,-11.0483,-45.1931,BR,"Thu, 11 Mar 2021 14:15:53",-11.07,-44.91
Roald,44.6,57,75,17.27,62.5833,6.1333,NO,"Thu, 11 Mar 2021 18:15:53",68.23,3.91
Shūshtar,74.68,30,100,5.91,32.0455,48.8567,IR,"Thu, 11 Mar 2021 20:45:53",31.72,48.65
Varna,35.6,64,75,4.61,43.2167,27.9167,RU,"Thu, 11 Mar 2021 19:11:02",52.93,61.2
Yerbogachën,29.19,95,97,10.38,61.2767,108.0108,RU,"Fri, 12 Mar 2021 01:15:54",59.67,108.87
Coudekerque-Branche,48.99,66,75,31.07,51.0229,2.3936,FR,"Thu, 11 Mar 2021 18:15:54",50.96,2.5
North Branch,41.0,78,87,11.01,45.5113,-92.9802,US,"Thu, 11 Mar 2021 11:15:55",46.13,-92.98
Grand Gaube,80.01,73,0,4.0,-20.0064,57.6608,MU,"Thu, 11 Mar 2021 21:15:55",-12.77,65.33
Arshan',17.6,57,0,20.13,46.2732,44.22,RU,"Thu, 11 Mar 2021 20:15:55",45.89,44.02
Baytown,75.99,80,100,5.01,29.7355,-94.9774,US,"Thu, 11 Mar 2021 11:15:56",29.74,-94.86
Kirakira,78.66,82,100,2.57,-10.4544,161.9205,SB,"Fri, 12 Mar 2021 04:15:56",-10.77,162.98
Mihara,51.01,79,100,2.17,34.4,133.0833,JP,"Fri, 12 Mar 2021 02:15:56",34.47,132.99
Lumphat,76.41,59,0,9.78,13.4878,106.9816,KH,"Fri, 12 Mar 2021 00:15:57",13.94,106.95
Loreto,74.03,15,10,2.42,22.2667,-101.9667,MX,"Thu, 11 Mar 2021 11:15:57",26.29,-110.73
Manavālakurichi,82.4,74,20,4.61,8.1333,77.3,IN,"Thu, 11 Mar 2021 22:45:58",7.72,76.92
Kibungo,78.8,47,20,8.05,-2.1597,30.5427,RW,"Thu, 11 Mar 2021 19:15:58",-1.98,30.78
Aykhal,-8.86,99,96,4.88,66.0,111.5,RU,"Fri, 12 Mar 2021 02:15:58",66.53,109.42
Karlstad,32.0,100,90,11.5,59.3793,13.5036,SE,"Thu, 11 Mar 2021 18:15:59",59.27,13.79
Richmond,75.2,27,20,20.71,37.5538,-77.4603,ZA,"Thu, 11 Mar 2021 12:13:15",-30.17,30.35
Sarkand,31.24,70,50,3.89,45.41,79.9186,KZ,"Thu, 11 Mar 2021 23:15:59",45.59,81.11
Tiznit Province,65.08,38,0,11.72,29.5833,-9.5,MA,"Thu, 11 Mar 2021 18:15:59",27.83,-10.15
Santa Cruz de la Sierra,89.6,55,75,13.8,-17.8,-63.1667,CR,"Thu, 11 Mar 2021 13:14:23",9.28,-89.21
Segezha,9.99,83,0,11.12,63.7415,34.3222,RU,"Thu, 11 Mar 2021 20:16:00",63.89,33.47
Sande,48.2,61,75,29.93,53.5049,8.0142,NO,"Thu, 11 Mar 2021 18:16:00",61.37,5.66
Rawlins,24.8,63,90,10.36,41.7911,-107.2387,US,"Thu, 11 Mar 2021 10:12:18",41.54,-106.58
Dawson Creek,17.6,62,20,2.3,55.7666,-120.2362,CA,"Thu, 11 Mar 2021 10:16:01",56.59,-120.03
Copiapó,73.4,60,0,12.66,-27.3667,-70.3333,CL,"Thu, 11 Mar 2021 14:16:01",-28.41,-68.85
Canavieiras,86.0,66,20,2.3,-15.675,-38.9472,BR,"Thu, 11 Mar 2021 14:16:01",-15.32,-37.58
Xingyi,54.07,53,6,3.22,24.1877,102.817,CN,"Fri, 12 Mar 2021 01:16:02",25.63,105.28
Gemeente Goirle,48.0,81,75,10.36,51.5167,5.05,NL,"Thu, 11 Mar 2021 18:14:25",51.51,5.03
Karaton,81.0,88,40,5.75,-6.3424,106.1045,KZ,"Fri, 12 Mar 2021 00:16:02",45.83,52.51
Viedma,73.92,19,73,11.16,-40.8135,-62.9967,AR,"Thu, 11 Mar 2021 14:16:03",-41.44,-62.76
Te Anau,42.42,95,69,1.03,-45.4167,167.7167,NZ,"Fri, 12 Mar 2021 06:16:03",-39.22,161.41
Show Low,42.8,26,1,28.77,34.2542,-110.0298,US,"Thu, 11 Mar 2021 10:15:26",34.98,-109.75
Egvekinot,-29.15,99,23,1.03,66.3167,-179.1667,RU,"Fri, 12 Mar 2021 05:16:04",66.5,-178.8
Raahe,17.01,73,90,12.66,64.6833,24.4833,FI,"Thu, 11 Mar 2021 19:16:04",64.71,24.59
Mayumba,82.33,78,83,7.61,-3.432,10.6554,GA,"Thu, 11 Mar 2021 18:16:04",-3.99,10.81
Rizhao,45.1,86,99,2.64,35.4275,119.4553,CN,"Fri, 12 Mar 2021 01:16:05",35.35,119.53
Laguna,48.0,76,1,12.66,38.421,-121.4238,BR,"Thu, 11 Mar 2021 09:16:05",-46.82,-28.22
Ca Mau,78.03,80,53,8.43,9.1769,105.15,VN,"Fri, 12 Mar 2021 00:16:05",7.0,105.83
Hervey Bay,73.0,90,14,1.01,-25.2986,152.8535,AU,"Fri, 12 Mar 2021 03:16:06",-24.17,158.17
Zhaotong,49.1,84,73,6.73,27.3167,103.7167,CN,"Fri, 12 Mar 2021 01:16:06",27.46,103.9
Yumen,44.01,24,99,9.26,40.2833,97.2,CN,"Fri, 12 Mar 2021 01:16:06",41.17,96.45
Manadhoo,83.41,68,86,6.15,5.7667,73.3833,MV,"Thu, 11 Mar 2021 22:16:07",5.83,74.69
Golden,39.99,80,40,8.05,39.7555,-105.2211,CA,"Thu, 11 Mar 2021 10:16:07",50.91,-117.5
Tura,72.18,41,0,2.75,25.5198,90.2201,RU,"Thu, 11 Mar 2021 22:46:07",66.88,96.74
Takaka,57.99,85,68,1.01,-40.85,172.8,NZ,"Fri, 12 Mar 2021 06:16:08",-39.86,172.51
Stornoway,39.99,87,40,27.63,58.2093,-6.3865,GB,"Thu, 11 Mar 2021 17:15:00",58.82,-6.39
Newport,46.0,78,83,3.0,51.5877,-2.9984,US,"Thu, 11 Mar 2021 17:16:09",44.52,-124.93
Fort Nelson,12.2,57,75,3.44,58.8053,-122.7002,CA,"Thu, 11 Mar 2021 10:16:09",58.86,-125.09
Jalu,69.53,43,69,17.09,29.0331,21.5482,LY,"Thu, 11 Mar 2021 19:16:09",26.14,21.77
Sosnogorsk,10.24,87,100,7.85,63.6023,53.8817,RU,"Thu, 11 Mar 2021 20:16:10",64.2,54.33
Cabo Rojo,86.0,55,0,5.01,18.0866,-67.1457,US,"Thu, 11 Mar 2021 13:16:10",17.11,-67.85
Dunda,68.02,90,80,3.36,-8.1167,34.25,TZ,"Thu, 11 Mar 2021 20:16:10",-8.11,34.51
Moussoro,91.72,7,38,4.97,13.6408,16.4901,TD,"Thu, 11 Mar 2021 18:16:11",15.76,17.78
Pitimbu,87.8,62,40,13.8,-7.4706,-34.8086,BR,"Thu, 11 Mar 2021 14:11:21",-7.19,-29.14
Honāvar,78.04,84,30,1.61,14.2833,74.45,IN,"Thu, 11 Mar 2021 22:46:11",13.61,73.01
Camaná,76.28,76,73,6.64,-16.6228,-72.7111,PE,"Thu, 11 Mar 2021 12:16:12",-20.86,-76.24
Kolondiéba,100.87,10,0,6.87,11.0882,-6.8926,ML,"Thu, 11 Mar 2021 17:16:12",10.93,-6.91
Buluang,75.34,87,100,4.43,13.3068,123.3425,PH,"Fri, 12 Mar 2021 01:16:12",13.43,116.32
Ixtapa,78.8,53,1,5.35,20.7,-105.2,MX,"Thu, 11 Mar 2021 11:16:13",9.68,-105.08
